{
    "GE1": [
        0.9215686274509803,
        0.8313725490196079,
        0.0
    ],
    "CV": [
        0.9725490196078431,
        0.7607843137254902,
        0.0
    ],
    "N6": [
        0.8980392156862745,
        0.6313725490196078,
        0.0
    ],
    "V2": [
        0.9333333333333333,
        0.4117647058823529,
        0.0
    ],
    "MG1": [
        0.796078431372549,
        0.23921568627450981,
        0.43137254901960786
    ],
    "3C": [
        0.7843137254901961,
        0.49411764705882355,
        0.4549019607843137
    ],
    "RO2": [
        0.8666666666666667,
        0.06666666666666667,
        0.14901960784313725
    ],
    "V1": [
        0.8156862745098039,
        0.1843137254901961,
        0.10980392156862745
    ],
    "P3": [
        0.7372549019607844,
        0.1450980392156863,
        0.11764705882352941
    ],
    "RO1": [
        0.5529411764705883,
        0.1411764705882353,
        0.1843137254901961
    ],
    "DY": [
        0.36470588235294116,
        0.2627450980392157,
        0.49411764705882355
    ],
    "TU2": [
        0.0,
        0.6431372549019608,
        0.6627450980392157
    ],
    "TU1": [
        0.0,
        0.3843137254901961,
        0.47843137254901963
    ],
    "N5": [
        0.0,
        0.5176470588235295,
        0.7607843137254902
    ],
    "V4": [
        0.0,
        0.34509803921568627,
        0.6235294117647059
    ],
    "3A": [
        0.4980392156862745,
        0.6470588235294118,
        0.5019607843137255
    ],
    "3B": [
        0.4627450980392157,
        0.5568627450980392,
        0.4470588235294118
    ],
    "AE": [
        0.40784313725490196,
        0.6078431372549019,
        0.20392156862745098
    ],
    "N7": [
        0.0,
        0.4666666666666667,
        0.22745098039215686
    ],
    "BR1": [
        0.396078431372549,
        0.23529411764705882,
        0.1450980392156863
    ],
    "WS4": [
        0.9333333333333333,
        0.8862745098039215,
        0.8156862745098039
    ],
    "WS1": [
        0.9686274509803922,
        0.9490196078431372,
        0.9176470588235294
    ],
    "CP": [
        0.8823529411764706,
        0.8588235294117647,
        0.8196078431372549
    ],
    "GR1": [
        0.7725490196078432,
        0.7803921568627451,
        0.792156862745098
    ],
    "2M": [
        0.7764705882352941,
        0.788235294117647,
        0.7803921568627451
    ],
    "3K": [
        0.8,
        0.7764705882352941,
        0.7529411764705882
    ],
    "T9": [
        0.7647058823529411,
        0.7647058823529411,
        0.7294117647058823
    ],
    "L9": [
        0.8470588235294118,
        0.8235294117647058,
        0.7647058823529411
    ],
    "U9": [
        0.6745098039215687,
        0.6509803921568628,
        0.5764705882352941
    ],
    "CB": [
        0.6078431372549019,
        0.5725490196078431,
        0.5176470588235295
    ],
    "BJ": [
        0.5686274509803921,
        0.5254901960784314,
        0.47843137254901963
    ],
    "2B": [
        0.4470588235294118,
        0.4549019607843137,
        0.4549019607843137
    ],
    "CC": [
        0.403921568627451,
        0.38823529411764707,
        0.3568627450980392
    ],
    "N9": [
        0.2235294117647059,
        0.23137254901960785,
        0.23137254901960785
    ],
    "CR": [
        0.09019607843137255,
        0.09019607843137255,
        0.09411764705882353
    ]
}