{
    "SP ABS BBI": [
        0.0392156862745098,
        0.12549019607843137,
        0.25098039215686274
    ],
    "SP ABS BBJ": [
        0.0,
        0.5607843137254902,
        0.6901960784313725
    ],
    "SP ABS BBQ": [
        0.0,
        0.6509803921568628,
        0.7058823529411765
    ],
    "SP ABS BDG": [
        0.21176470588235294,
        0.5647058823529412,
        0.6313725490196078
    ],
    "SP ABS BDH": [
        0.0,
        0.33725490196078434,
        0.6
    ],
    "SP ABS BE": [
        0.0,
        0.43529411764705883,
        0.6039215686274509
    ],
    "SP ABS BED": [
        0.0,
        0.21176470588235294,
        0.28627450980392155
    ],
    "SP ABS BEY": [
        0.30196078431372547,
        0.5450980392156862,
        0.5725490196078431
    ],
    "SP ABS BFJ": [
        0.34901960784313724,
        0.5686274509803921,
        0.6823529411764706
    ],
    "SP ABS BFK": [
        0.0,
        0.3176470588235294,
        0.5647058823529412
    ],
    "SP ABS BFL": [
        0.3411764705882353,
        0.6078431372549019,
        0.6784313725490196
    ],
    "SP ABS BFM": [
        0.6705882352941176,
        0.7764705882352941,
        0.8627450980392157
    ],
    "SP ABS BFN": [
        0.10196078431372549,
        0.5411764705882353,
        0.7176470588235294
    ],
    "SP ABS BFO": [
        0.615686274509804,
        0.7647058823529411,
        0.796078431372549
    ],
    "SP ABS BFP": [
        0.0,
        0.45098039215686275,
        0.6352941176470588
    ],
    "SP ABS BFQ": [
        0.4,
        0.8156862745098039,
        0.8156862745098039
    ],
    "SP ABS BFR": [
        0.1607843137254902,
        0.21176470588235294,
        0.28627450980392155
    ],
    "SP ABS BFT": [
        0.29411764705882354,
        0.5215686274509804,
        0.6
    ],
    "SP ABS BFU": [
        0.0,
        0.13725490196078433,
        0.3058823529411765
    ],
    "SP ABS BGA": [
        0.0,
        0.27450980392156865,
        0.42745098039215684
    ],
    "SP ABS BO": [
        0.0,
        0.2980392156862745,
        0.4980392156862745
    ],
    "SP ABS BX": [
        0.21568627450980393,
        0.5294117647058824,
        0.615686274509804
    ],
    "SP ABS GA": [
        0.5803921568627451,
        0.5764705882352941,
        0.5607843137254902
    ],
    "SP ABS GAA": [
        0.7019607843137254,
        0.6823529411764706,
        0.6313725490196078
    ],
    "SP ABS GAL": [
        0.7843137254901961,
        0.7647058823529411,
        0.7215686274509804
    ],
    "SP ABS GAW": [
        0.6823529411764706,
        0.6392156862745098,
        0.5568627450980392
    ],
    "SP ABS GAY": [
        0.788235294117647,
        0.7725490196078432,
        0.7294117647058823
    ],
    "SP ABS GB": [
        0.18823529411764706,
        0.19215686274509805,
        0.1803921568627451
    ],
    "SP ABS GBA": [
        0.6588235294117647,
        0.6588235294117647,
        0.6313725490196078
    ],
    "SP ABS GC": [
        0.3333333333333333,
        0.33725490196078434,
        0.3411764705882353
    ],
    "SP ABS GCF": [
        0.7450980392156863,
        0.7137254901960784,
        0.6549019607843137
    ],
    "SP ABS GCS": [
        0.5411764705882353,
        0.5019607843137255,
        0.43529411764705883
    ],
    "SP ABS GD": [
        0.38823529411764707,
        0.4117647058823529,
        0.41568627450980394
    ],
    "SP ABS GDC": [
        0.42745098039215684,
        0.41568627450980394,
        0.39215686274509803
    ],
    "SP ABS GDV": [
        0.5764705882352941,
        0.5490196078431373,
        0.5137254901960784
    ],
    "SP ABS GDX": [
        0.7647058823529411,
        0.7019607843137254,
        0.611764705882353
    ],
    "SP ABS GE": [
        0.37254901960784315,
        0.3607843137254902,
        0.3215686274509804
    ],
    "SP ABS GEA": [
        0.6901960784313725,
        0.6823529411764706,
        0.6509803921568628
    ],
    "SP ABS GEQ": [
        0.615686274509804,
        0.5882352941176471,
        0.5098039215686274
    ],
    "SP ABS GER": [
        0.7803921568627451,
        0.7647058823529411,
        0.7098039215686275
    ],
    "SP ABS GEV": [
        0.5764705882352941,
        0.5294117647058824,
        0.47058823529411764
    ],
    "SP ABS GEW": [
        0.23529411764705882,
        0.25098039215686274,
        0.2549019607843137
    ],
    "SP ABS GEZ": [
        0.6313725490196078,
        0.615686274509804,
        0.5764705882352941
    ],
    "SP ABS GFD": [
        0.8,
        0.7686274509803922,
        0.7019607843137254
    ],
    "SP ABS GFE": [
        0.6235294117647059,
        0.5882352941176471,
        0.5215686274509804
    ],
    "SP ABS GFW": [
        0.5882352941176471,
        0.5568627450980392,
        0.5215686274509804
    ],
    "SP ABS GG": [
        0.4823529411764706,
        0.47058823529411764,
        0.45098039215686275
    ],
    "SP ABS GGK": [
        0.7529411764705882,
        0.7098039215686275,
        0.6666666666666666
    ],
    "SP ABS GGM": [
        0.6549019607843137,
        0.6549019607843137,
        0.6352941176470588
    ],
    "SP ABS GGT": [
        0.7607843137254902,
        0.7568627450980392,
        0.7254901960784313
    ],
    "SP ABS GJV": [
        0.5333333333333333,
        0.4980392156862745,
        0.4666666666666667
    ],
    "SP ABS GKH": [
        0.6588235294117647,
        0.6588235294117647,
        0.6509803921568628
    ],
    "SP ABS GLK": [
        0.7411764705882353,
        0.7490196078431373,
        0.7215686274509804
    ],
    "SP ABS GLY": [
        0.7725490196078432,
        0.7411764705882353,
        0.6980392156862745
    ],
    "SP ABS GN": [
        0.6588235294117647,
        0.6509803921568628,
        0.6274509803921569
    ],
    "SP ABS GO": [
        0.4588235294117647,
        0.4549019607843137,
        0.43137254901960786
    ],
    "SP ABS GPA": [
        0.36470588235294116,
        0.3764705882352941,
        0.3764705882352941
    ],
    "SP ABS GPR": [
        0.7764705882352941,
        0.7529411764705882,
        0.7215686274509804
    ],
    "SP ABS GQM": [
        0.27450980392156865,
        0.2784313725490196,
        0.27450980392156865
    ],
    "SP ABS GRX": [
        0.807843137254902,
        0.792156862745098,
        0.7372549019607844
    ],
    "SP ABS GRY": [
        0.592156862745098,
        0.5843137254901961,
        0.5647058823529412
    ],
    "SP ABS GSC": [
        0.5450980392156862,
        0.5568627450980392,
        0.5568627450980392
    ],
    "SP ABS GSL": [
        0.7529411764705882,
        0.7568627450980392,
        0.7411764705882353
    ],
    "SP ABS GSM": [
        0.27058823529411763,
        0.32941176470588235,
        0.3764705882352941
    ],
    "SP ABS GSP": [
        0.49019607843137253,
        0.5058823529411764,
        0.5058823529411764
    ],
    "SP ABS GSU": [
        0.6392156862745098,
        0.611764705882353,
        0.5803921568627451
    ],
    "SP ABS GSX": [
        0.6627450980392157,
        0.6705882352941176,
        0.6666666666666666
    ],
    "SP ABS GSY": [
        0.5058823529411764,
        0.48627450980392156,
        0.4549019607843137
    ],
    "SP ABS GSZ": [
        0.21568627450980393,
        0.21568627450980393,
        0.2196078431372549
    ],
    "SP ABS GTA": [
        0.3058823529411765,
        0.3176470588235294,
        0.33725490196078434
    ],
    "SP ABS GTB": [
        0.7254901960784313,
        0.7215686274509804,
        0.6823529411764706
    ],
    "SP ABS GTC": [
        0.5843137254901961,
        0.5882352941176471,
        0.5529411764705883
    ],
    "SP ABS GTD": [
        0.49019607843137253,
        0.48627450980392156,
        0.47058823529411764
    ],
    "SP ABS GTF": [
        0.7686274509803922,
        0.7411764705882353,
        0.6745098039215687
    ],